day,demand_MWh
01/23/2020,11299065
01/22/2020,12051504
01/21/2020,12203560
01/20/2020,11905910
01/19/2020,10593866
01/18/2020,10596025
01/17/2020,11140133
01/16/2020,10717174
01/15/2020,10447619
01/14/2020,10524436
01/13/2020,10653343
01/12/2020,9878432
01/11/2020,9809148
01/10/2020,10417624
01/9/2020,11054686
01/8/2020,11174698
01/7/2020,10866961
01/6/2020,10801855
01/5/2020,10165308
01/4/2020,9930353
01/3/2020,10245214
01/2/2020,10474210
01/1/2020,9977960
12/31/2019,10427051
12/30/2019,10282092
12/29/2019,9568033
12/28/2019,9580102
12/27/2019,10015209
12/26/2019,9976088
12/25/2019,9399506
12/24/2019,9843734
12/23/2019,10510154
12/22/2019,10430106
12/21/2019,10739245
12/20/2019,11663766
12/19/2019,12094955
12/18/2019,12044765
12/17/2019,11491287
12/16/2019,11135235
12/15/2019,10295214
12/14/2019,10306454
12/13/2019,11063823
12/12/2019,11617397
12/11/2019,11613720
12/10/2019,10926810
12/9/2019,10514222
12/8/2019,10055988
12/7/2019,10166702
12/6/2019,10634387
12/5/2019,10779066
12/4/2019,10947765
12/3/2019,11203900
12/2/2019,11012846
12/1/2019,9880723
11/30/2019,9740506
11/29/2019,9721606
11/28/2019,9715362
11/27/2019,10268490
11/26/2019,10411119
11/25/2019,10399767
11/24/2019,9779113
11/23/2019,9944310
11/22/2019,10281555
11/21/2019,10354270
11/20/2019,10316652
11/19/2019,10306796
11/18/2019,10414544
11/17/2019,9954922
11/16/2019,10192861
11/15/2019,10853019
11/14/2019,11374749
11/13/2019,11978439
11/12/2019,11597753
11/11/2019,10358423
11/10/2019,9515760
11/9/2019,10090211
11/8/2019,10656932
11/7/2019,10403412
11/6/2019,10173357
11/5/2019,10125675
11/4/2019,10079630
11/3/2019,9808911
11/2/2019,9656613
11/1/2019,10283900
10/31/2019,10514947
10/30/2019,10275849
10/29/2019,10072668
10/28/2019,9859331
10/27/2019,9191186
10/26/2019,9254504
10/25/2019,9826942
10/24/2019,9987254
10/23/2019,9750449
10/22/2019,9924534
10/21/2019,9887479
10/20/2019,9290735
10/19/2019,9214528
10/18/2019,9612224
10/17/2019,9746658
10/16/2019,9942243
10/15/2019,10084752
10/14/2019,9835517
10/13/2019,8949698
10/12/2019,9099979
10/11/2019,9941703
10/10/2019,10426831
10/9/2019,10187560
10/8/2019,10133608
10/7/2019,10323041
10/6/2019,9784149
10/5/2019,9945682
10/4/2019,10903697
10/3/2019,11579010
10/2/2019,12101303
10/1/2019,12040754
09/30/2019,11773253
09/29/2019,10967147
09/28/2019,11022451
09/27/2019,11418049
09/26/2019,11552816
09/25/2019,11504304
09/24/2019,11542041
09/23/2019,11787480
09/22/2019,10943021
09/21/2019,10912347
09/20/2019,11280462
09/19/2019,11377159
09/18/2019,11812620
09/17/2019,12141135
09/16/2019,12332784
09/15/2019,11395076
09/14/2019,11363784
09/13/2019,12156567
09/12/2019,12769890
09/11/2019,12873838
09/10/2019,12544726
09/9/2019,12190245
09/8/2019,11226023
09/7/2019,11546949
09/6/2019,12226090
09/5/2019,12509364
09/4/2019,12900369
09/3/2019,12614500
09/2/2019,11707162
09/1/2019,11172889
08/31/2019,11338572
08/30/2019,12184298
08/29/2019,12411516
08/28/2019,12374105
08/27/2019,12209900
08/26/2019,12070971
08/25/2019,11086878
08/24/2019,11323570
08/23/2019,12407067
08/22/2019,13261814
08/21/2019,13551748
08/20/2019,13626750
08/19/2019,13633785
08/18/2019,12584390
08/17/2019,12567067
08/16/2019,13047095
08/15/2019,13144584
08/14/2019,13350657
08/13/2019,13588836
08/12/2019,13315565
08/11/2019,12079095
08/10/2019,12225681
08/9/2019,13061585
08/8/2019,13290768
08/7/2019,13445587
08/6/2019,13430558
08/5/2019,13226208
08/4/2019,12311115
08/3/2019,12346766
08/2/2019,12814953
08/1/2019,13015519
07/31/2019,13164607
07/30/2019,13460862
07/29/2019,13537356
07/28/2019,12641197
07/27/2019,12450820
07/26/2019,12629745
07/25/2019,12365744
07/24/2019,12214631
07/23/2019,12321626
07/22/2019,13164621
07/21/2019,13134859
07/20/2019,13633052
07/19/2019,14188035
07/18/2019,13902738
07/17/2019,14071198
07/16/2019,13809875
07/15/2019,13420258
07/14/2019,12595312
07/13/2019,12649968
07/12/2019,13198589
07/11/2019,13408944
07/10/2019,13561971
07/9/2019,13025332
07/8/2019,12638972
07/7/2019,11969736
07/6/2019,12356521
07/5/2019,12680738
07/4/2019,12237917
07/3/2019,13084292
07/2/2019,13272468
07/1/2019,12864096
06/30/2019,11981742
06/29/2019,12299418
06/28/2019,12832513
06/27/2019,12790090
06/26/2019,12551579
06/25/2019,12287077
06/24/2019,11981529
06/23/2019,11027617
06/22/2019,11149808
06/21/2019,11968580
06/20/2019,12116944
06/19/2019,12009573
06/18/2019,11826978
06/17/2019,11565164
06/16/2019,10585703
06/15/2019,10517291
06/14/2019,10673796
06/13/2019,10856826
06/12/2019,10981144
06/11/2019,11192621
06/10/2019,11260632
06/9/2019,10396277
06/8/2019,10535256
06/7/2019,11403120
06/6/2019,11638774
06/5/2019,11582184
06/4/2019,11210937
06/3/2019,11111297
06/2/2019,10512792
06/1/2019,10699193
05/31/2019,11345797
05/30/2019,11368571
05/29/2019,11468861
05/28/2019,11422400
05/27/2019,10511139
05/26/2019,10429458
05/25/2019,10532375
05/24/2019,11124725
05/23/2019,11110375
05/22/2019,10740057
05/21/2019,10589209
05/20/2019,10844167
05/19/2019,9968179
05/18/2019,10020340
05/17/2019,10494459
05/16/2019,10351408
05/15/2019,10070845
05/14/2019,9964048
05/13/2019,9913666
05/12/2019,9047184
05/11/2019,9212433
05/10/2019,9895770
05/9/2019,10084727
05/8/2019,9634598
05/7/2019,9664625
05/6/2019,9926833
05/5/2019,9159929
05/4/2019,9400364
05/3/2019,10002245
05/2/2019,10207651
05/1/2019,10245556
04/30/2019,10211020
04/29/2019,9953619
04/28/2019,9126079
04/27/2019,9124287
04/26/2019,9698267
04/25/2019,9824471
04/24/2019,9765266
04/23/2019,9667644
04/22/2019,9474239
04/21/2019,8555931
04/20/2019,8864890
04/19/2019,9363862
04/18/2019,9743604
04/17/2019,9630963
04/16/2019,9621417
04/15/2019,9667033
04/14/2019,9103795
04/13/2019,9156078
04/12/2019,9686425
04/11/2019,9875896
04/10/2019,9854380
04/9/2019,9771815
04/8/2019,9712621
04/7/2019,8934192
04/6/2019,9109630
04/5/2019,9683533
04/4/2019,9703956
04/3/2019,9784983
04/2/2019,10119507
04/1/2019,10154065
03/31/2019,9131629
03/30/2019,8970242
03/29/2019,9455076
03/28/2019,9764510
03/27/2019,9934463
03/26/2019,9897775
03/25/2019,9751655
03/24/2019,9053844
03/23/2019,9281450
03/22/2019,9877966
03/21/2019,9946032
03/20/2019,10060713
03/19/2019,10128860
03/18/2019,10114286
03/17/2019,9358966
03/16/2019,9413106
03/15/2019,9823847
03/13/2019,10124097
03/12/2019,10260478
03/11/2019,10180258
03/10/2019,9281542
03/9/2019,9918225
03/8/2019,10686483
03/7/2019,11333370
03/6/2019,12000656
03/5/2019,12160835
03/4/2019,12056031
03/3/2019,10522778
03/2/2019,10291018
03/1/2019,10846292
02/28/2019,10945735
02/27/2019,10840403
02/26/2019,10940366
02/25/2019,11052714
02/24/2019,10059343
02/23/2019,10311076
02/22/2019,10915976
02/21/2019,11094875
02/20/2019,11611195
02/19/2019,11799705
02/18/2019,11259922
02/17/2019,10417684
02/16/2019,10364235
02/15/2019,10567149
02/14/2019,10875804
02/13/2019,11189304
02/12/2019,11100828
02/11/2019,11155739
02/10/2019,10991465
02/9/2019,11374896
02/8/2019,11445238
02/7/2019,10692652
02/6/2019,10514123
02/5/2019,10457317
02/4/2019,10369507
02/3/2019,9818374
02/2/2019,10580411
02/1/2019,11780888
01/31/2019,12903767
01/30/2019,12955339
01/29/2019,12210418
01/28/2019,11535148
01/27/2019,10863494
01/26/2019,11244729
01/25/2019,11822015
01/24/2019,11458859
01/23/2019,11457420
01/22/2019,12137758
01/21/2019,12682831
01/20/2019,11181315
01/19/2019,10589689
01/18/2019,10871065
01/17/2019,11342758
01/16/2019,11612913
01/15/2019,11816005
01/14/2019,11736624
01/13/2019,10847540
01/12/2019,10888790
01/11/2019,11586747
01/10/2019,11620701
01/9/2019,10934804
01/8/2019,10415925
01/7/2019,10524533
01/6/2019,9863402
01/5/2019,10113100
01/4/2019,10848226
01/3/2019,11083646
01/2/2019,11043478
01/1/2019,9899602
12/31/2018,10263157
12/30/2018,10177566
12/29/2018,10290767
12/28/2018,10451978
12/27/2018,10513788
12/26/2018,10401707
12/25/2018,9689135
12/24/2018,10176389
12/23/2018,10201013
12/22/2018,10351388
12/21/2018,10744161
12/20/2018,10882868
12/19/2018,11020431
12/18/2018,11097062
12/17/2018,10830817
12/16/2018,10123528
12/15/2018,10239936
12/14/2018,10986573
12/13/2018,11106694
12/12/2018,11532623
12/11/2018,11865729
12/10/2018,11869568
12/9/2018,11241473
12/8/2018,11210679
12/7/2018,11468516
12/6/2018,11766532
12/5/2018,11686449
12/4/2018,11283075
12/3/2018,10647248
12/2/2018,9698898
12/1/2018,9897093
11/30/2018,10469174
11/29/2018,11133129
11/28/2018,11613363
11/27/2018,11485470
11/26/2018,10927544
11/25/2018,9648969
11/24/2018,9741604
11/23/2018,9993303
11/22/2018,9926629
11/21/2018,10867859
11/20/2018,10699530
11/19/2018,10662043
11/18/2018,9980731
11/17/2018,10098860
11/16/2018,10873724
11/15/2018,11440741
11/14/2018,11513964
11/13/2018,11345077
11/12/2018,10926542
11/11/2018,9263149
11/10/2018,10268518
11/9/2018,10471743
11/8/2018,9927573
11/7/2018,9843347
11/6/2018,10104351
11/5/2018,9950147
11/4/2018,9536642
11/3/2018,9209571
11/2/2018,9797427
11/1/2018,9265680
10/31/2018,9326369
10/30/2018,9494956
10/29/2018,9825746
10/28/2018,9088107
10/27/2018,9353044
10/26/2018,9983074
10/25/2018,10022214
10/24/2018,9925899
10/23/2018,9861978
10/22/2018,9914432
10/21/2018,9170917
10/20/2018,9312839
10/19/2018,9929012
10/18/2018,9966623
10/17/2018,10089803
10/16/2018,10239805
10/15/2018,10239106
10/14/2018,9369830
10/13/2018,9289554
10/12/2018,9855080
10/11/2018,10563214
10/10/2018,11107150
10/9/2018,11329818
10/8/2018,11231708
10/7/2018,10443919
10/6/2018,10565329
10/5/2018,11191512
10/4/2018,11486858
10/3/2018,11619739
10/2/2018,11338132
10/1/2018,11042814
09/30/2018,9988693
09/29/2018,10024489
09/28/2018,10643109
09/27/2018,10775690
09/26/2018,11339935
09/25/2018,11441583
09/24/2018,10948997
09/23/2018,10069422
09/22/2018,10529271
09/21/2018,11923497
09/20/2018,12365509
09/19/2018,12455355
09/18/2018,12657597
09/17/2018,12531603
09/16/2018,11567619
09/15/2018,11668055
09/14/2018,12122304
09/13/2018,12058792
09/12/2018,11838531
09/11/2018,11420912
09/10/2018,11127526
09/9/2018,10447007
09/8/2018,11105149
09/7/2018,12315120
09/6/2018,12967947
09/5/2018,13328491
09/4/2018,13233787
09/3/2018,12157563
09/2/2018,11764889
09/1/2018,11929575
08/31/2018,12628372
08/30/2018,13034580
08/29/2018,13450062
08/28/2018,13810263
08/27/2018,13623489
08/26/2018,12180233
08/25/2018,11721914
08/24/2018,11984589
08/23/2018,12056585
08/22/2018,12459529
08/21/2018,12613713
08/20/2018,12603155
08/19/2018,11940938
08/18/2018,12614040
08/17/2018,13469946
08/16/2018,13563367
08/15/2018,13274382
08/14/2018,12990358
08/13/2018,12887157
08/12/2018,12094383
08/11/2018,12315013
08/10/2018,13301318
08/9/2018,13653136
08/8/2018,13729617
08/7/2018,13878626
08/6/2018,13933455
08/5/2018,12925387
08/4/2018,12737549
08/3/2018,13089485
08/2/2018,13001837
08/1/2018,12817188
07/31/2018,12564392
07/30/2018,12553823
07/29/2018,11871721
07/28/2018,12271736
07/27/2018,13111169
07/26/2018,13424656
07/25/2018,13517594
07/24/2018,13329904
07/23/2018,13033546
07/22/2018,11933928
07/21/2018,12109005
07/20/2018,13001066
07/19/2018,13068077
07/18/2018,13081123
07/17/2018,13615671
07/16/2018,13799951
07/15/2018,12221284
07/14/2018,12282292
07/13/2018,12830211
07/12/2018,12836489
07/11/2018,12920877
07/10/2018,12807201
07/9/2018,12160282
07/8/2018,10848493
07/7/2018,10899828
07/6/2018,12202801
07/5/2018,12675644
07/4/2018,12053947
07/3/2018,12935251
07/2/2018,12847560
07/1/2018,10927800
06/30/2018,13031507
06/29/2018,13444197
06/28/2018,13134943
06/27/2018,12667910
06/26/2018,12433721
06/25/2018,12378635
06/24/2018,11700790
06/23/2018,11549107
06/22/2018,12197258
06/21/2018,12451891
06/20/2018,12561191
06/19/2018,13055754
06/18/2018,13353835
06/17/2018,12115693
06/16/2018,11931111
06/15/2018,12415060
06/14/2018,12491607
06/13/2018,12335247
06/12/2018,11830494
06/11/2018,11770266
06/10/2018,10910330
06/9/2018,11453727
06/8/2018,11959522
06/7/2018,11799731
06/6/2018,11552395
06/5/2018,11438316
06/4/2018,11368563
06/3/2018,10955860
06/2/2018,11559897
06/1/2018,12264515
05/31/2018,12262932
05/30/2018,12167433
05/29/2018,12139281
05/28/2018,11048190
05/27/2018,10859504
05/26/2018,11052637
05/25/2018,11499288
05/24/2018,11467728
05/23/2018,11283323
05/22/2018,10980762
05/21/2018,10740383
05/20/2018,9992290
05/19/2018,10188739
05/18/2018,10741510
05/17/2018,10906014
05/16/2018,10921729
05/15/2018,11154411
05/14/2018,11037527
05/13/2018,9991902
05/12/2018,10198364
05/11/2018,10733225
05/10/2018,10759405
05/9/2018,10665691
05/8/2018,10514120
05/7/2018,10307886
05/6/2018,9380478
05/5/2018,9520888
05/4/2018,10468494
05/3/2018,10561733
05/2/2018,10157355
05/1/2018,9753689
04/30/2018,9791698
04/29/2018,8945712
04/28/2018,9055803
04/27/2018,9604783
04/26/2018,9665007
04/25/2018,9789513
04/24/2018,9747655
04/23/2018,9663293
04/22/2018,8885802
04/21/2018,9137979
04/20/2018,9749297
04/19/2018,9922561
04/18/2018,10016088
04/17/2018,10209608
04/16/2018,10172466
04/15/2018,9328803
04/14/2018,9310947
04/13/2018,9880794
04/12/2018,9887960
04/11/2018,10041665
04/10/2018,10205286
04/9/2018,10364891
04/8/2018,9805427
04/7/2018,9842894
04/6/2018,10205963
04/5/2018,10235753
04/4/2018,10186171
04/3/2018,10302792
04/2/2018,10191199
04/1/2018,8982499
03/31/2018,9159325
03/30/2018,9504493
03/29/2018,9811941
03/28/2018,10055624
03/27/2018,10376674
03/26/2018,10418093
03/25/2018,9643836
03/24/2018,9738958
03/23/2018,10312407
03/22/2018,10512600
03/21/2018,10672934
03/20/2018,10418255
03/19/2018,10134427
03/18/2018,9378276
03/17/2018,9681256
03/16/2018,10294505
03/15/2018,10554599
03/14/2018,10820674
03/13/2018,10770114
03/12/2018,10583364
03/11/2018,8742766
03/10/2018,9288015
03/9/2018,10633047
03/8/2018,10788053
03/7/2018,10042474
03/6/2018,9831542
03/5/2018,10360723
03/4/2018,9515679
03/3/2018,9659544
03/2/2018,10287314
03/1/2018,10186890
02/28/2018,10242133
02/27/2018,10331139
02/26/2018,10230343
02/25/2018,9567282
02/24/2018,9839218
02/23/2018,10577194
02/22/2018,10836523
02/21/2018,10697821
02/20/2018,10380986
02/19/2018,10314346
02/18/2018,9639085
02/17/2018,9948434
02/16/2018,10104718
02/15/2018,10032564
02/14/2018,10585369
02/13/2018,11265004
02/12/2018,11262134
02/11/2018,10349083
02/10/2018,10312724
02/9/2018,11088175
02/8/2018,11480116
02/7/2018,11465116
02/6/2018,11445051
02/5/2018,11428695
02/4/2018,10494902
02/3/2018,11132891
02/2/2018,11530772
02/1/2018,11005859
01/31/2018,11542187
01/30/2018,11666876
01/29/2018,10882682
01/28/2018,9708605
01/27/2018,9967769
01/26/2018,11064265
01/25/2018,11433230
01/24/2018,11210508
01/23/2018,10740487
01/22/2018,10443877
01/21/2018,9906922
01/20/2018,10565677
01/19/2018,12131780
01/18/2018,13188961
01/17/2018,13196775
01/16/2018,12852958
01/15/2018,12441651
01/14/2018,12051944
01/13/2018,11527130
01/12/2018,11093882
01/11/2018,10577269
01/10/2018,10904566
01/9/2018,11207051
01/8/2018,11888305
01/7/2018,12304577
01/6/2018,13074310
01/5/2018,13569589
01/4/2018,13568926
01/3/2018,13643374
01/2/2018,14048062
01/1/2018,13200927
12/31/2017,12284784
12/30/2017,11528048
12/29/2017,12042814
12/28/2017,12548307
12/27/2017,12283532
12/26/2017,11459167
12/25/2017,10532139
12/24/2017,10176633
12/23/2017,10172088
12/22/2017,10711046
12/21/2017,10885828
12/20/2017,10635235
12/19/2017,10575626
12/18/2017,10731155
12/17/2017,10504026
12/16/2017,10964159
12/15/2017,11668471
12/14/2017,11614766
12/13/2017,11957442
12/12/2017,11493266
12/11/2017,11471620
12/10/2017,11111246
12/9/2017,11367753
12/8/2017,11862061
12/7/2017,11493670
12/6/2017,10965719
12/5/2017,10235864
12/4/2017,10253037
12/3/2017,9524721
12/2/2017,9699674
12/1/2017,10104531
11/30/2017,10223494
11/29/2017,10233102
11/28/2017,10384240
11/27/2017,10275062
11/26/2017,9315712
11/25/2017,9190030
11/24/2017,9406921
11/23/2017,9541355
11/22/2017,10304092
11/21/2017,10347521
11/20/2017,10539177
11/19/2017,9524738
11/18/2017,9674601
11/17/2017,10318461
11/16/2017,10314317
11/15/2017,10344004
11/14/2017,10321162
11/13/2017,10289393
11/12/2017,9644712
11/11/2017,9990615
11/10/2017,10376511
11/9/2017,10331138
11/8/2017,10311965
11/7/2017,10361065
11/6/2017,10141100
11/5/2017,9120402
11/4/2017,8892300
11/3/2017,9428142
11/2/2017,9495256
11/1/2017,9517902
10/31/2017,9455931
10/30/2017,9958235
10/29/2017,9296150
10/28/2017,9309256
10/27/2017,9779368
10/26/2017,9881303
10/25/2017,9900488
10/24/2017,10074509
10/23/2017,9997421
10/22/2017,9177228
10/21/2017,9472355
10/20/2017,9913595
10/19/2017,9975082
10/18/2017,9896179
10/17/2017,9827634
10/16/2017,9941136
10/15/2017,9673265
10/14/2017,10036450
10/13/2017,10433321
10/12/2017,10448203
10/11/2017,10669735
10/10/2017,11084998
10/9/2017,11340934
10/8/2017,10232399
10/7/2017,10352185
10/6/2017,10785956
10/5/2017,10668568
10/4/2017,10666313
10/3/2017,10632386
10/2/2017,10370233
10/1/2017,9365797
09/30/2017,9650954
09/29/2017,10526054
09/28/2017,11224843
09/27/2017,11833878
09/26/2017,11953151
09/25/2017,11957722
09/24/2017,11119135
09/23/2017,11315733
09/22/2017,12036230
09/21/2017,12248672
09/20/2017,12127010
09/19/2017,11738567
09/18/2017,11549846
09/17/2017,10827323
09/16/2017,11091731
09/15/2017,11531687
09/14/2017,11333766
09/13/2017,10910312
09/12/2017,10533269
09/11/2017,10186027
09/10/2017,9561166
09/9/2017,9914808
09/8/2017,10543329
09/7/2017,10706573
09/6/2017,11028299
09/5/2017,11784657
09/4/2017,11062405
09/3/2017,10645687
09/2/2017,10578981
09/1/2017,11393425
08/31/2017,11907014
08/30/2017,11748274
08/29/2017,11576071
08/28/2017,11477587
08/27/2017,10765578
08/26/2017,10950110
08/25/2017,11560468
08/24/2017,11952553
08/23/2017,12669912
08/22/2017,13391337
08/21/2017,13189495
08/20/2017,12199231
08/19/2017,12494110
08/18/2017,13136423
08/17/2017,13179473
08/16/2017,13081840
08/15/2017,12788111
08/14/2017,12465341
08/13/2017,11533716
08/12/2017,11832638
08/11/2017,12560487
08/10/2017,12591206
08/9/2017,12290983
08/8/2017,12108880
08/7/2017,12039695
08/6/2017,11172760
08/5/2017,11605254
08/4/2017,12608438
08/3/2017,12943345
08/2/2017,12896672
08/1/2017,12957123
07/31/2017,12555533
07/30/2017,11449507
07/29/2017,11843918
07/28/2017,13083742
07/27/2017,13341848
07/26/2017,13198687
07/25/2017,12978835
07/24/2017,12972146
07/23/2017,12688004
07/22/2017,13336382
07/21/2017,14149667
07/20/2017,14234059
07/19/2017,13994373
07/18/2017,13554156
07/17/2017,13188277
07/16/2017,12154841
07/15/2017,12383141
07/14/2017,13201915
07/13/2017,13740563
07/12/2017,13754888
07/11/2017,13500913
07/10/2017,13023244
07/9/2017,11963067
07/8/2017,12355599
07/7/2017,13199340
07/6/2017,13173506
07/5/2017,12860213
07/4/2017,11879414
07/3/2017,12408614
07/2/2017,11839805
07/1/2017,11879271
06/30/2017,12608051
06/29/2017,12307195
06/28/2017,11758466
06/27/2017,11617350
06/26/2017,11620043
06/25/2017,11047528
06/24/2017,11704032
06/23/2017,12914997
06/22/2017,12834987
06/21/2017,12574271
06/20/2017,12505758
06/19/2017,12597039
06/18/2017,11825336
06/17/2017,11936441
06/16/2017,12393666
06/15/2017,12526055
06/14/2017,12703419
06/13/2017,12914086
06/12/2017,12716001
06/11/2017,11368133
06/10/2017,10960132
06/9/2017,11023418
06/8/2017,10817970
06/7/2017,10810166
06/6/2017,11044699
06/5/2017,11218879
06/4/2017,10454179
06/3/2017,10587198
06/2/2017,11061044
06/1/2017,11002357
05/31/2017,10998560
05/30/2017,10793203
05/29/2017,10014396
05/28/2017,9846734
05/27/2017,10185646
05/26/2017,10488990
05/25/2017,10187986
05/24/2017,10160336
05/23/2017,10409680
05/22/2017,10392214
05/21/2017,9648978
05/20/2017,10223276
05/19/2017,11437705
05/18/2017,11681956
05/17/2017,11303995
05/16/2017,10886928
05/15/2017,10513131
05/14/2017,9300648
05/13/2017,9350416
05/12/2017,10033858
05/11/2017,10293962
05/10/2017,10263954
05/9/2017,10118673
05/8/2017,9846581
05/7/2017,8878195
05/6/2017,9007763
05/5/2017,9734901
05/4/2017,9930293
05/3/2017,10117562
05/2/2017,10160530
05/1/2017,10127584
04/30/2017,9478216
04/29/2017,10112411
04/28/2017,10380808
04/27/2017,10046202
04/26/2017,10061061
04/25/2017,9828334
04/24/2017,9614864
04/23/2017,8797701
04/22/2017,9268727
04/21/2017,10070053
04/20/2017,10213706
04/19/2017,10070815
04/18/2017,9874051
04/17/2017,9745731
04/16/2017,8953875
04/15/2017,9150600
04/14/2017,9460922
04/13/2017,9773229
04/12/2017,9762092
04/11/2017,9744389
04/10/2017,9688622
04/9/2017,8890896
04/8/2017,9127246
04/7/2017,9775236
04/6/2017,9895697
04/5/2017,9909057
04/4/2017,9969980
04/3/2017,9777910
04/2/2017,9014460
04/1/2017,9269248
03/31/2017,9909455
03/30/2017,9937963
03/29/2017,10002772
03/28/2017,9985427
03/27/2017,9871396
03/26/2017,9055584
03/25/2017,9083313
03/24/2017,9922934
03/23/2017,10340988
03/22/2017,10179694
03/21/2017,10053326
03/20/2017,10249194
03/19/2017,9438685
03/18/2017,9556458
03/17/2017,10574927
03/16/2017,11082563
03/15/2017,11417242
03/14/2017,11080103
03/13/2017,10926664
03/12/2017,9235296
03/11/2017,10079031
03/10/2017,9651289
03/9/2017,9406596
03/8/2017,9356835
03/7/2017,9478595
03/6/2017,10155232
03/5/2017,9657431
03/4/2017,9973172
03/3/2017,10485402
03/2/2017,10215351
03/1/2017,10009706
02/28/2017,9803632
02/27/2017,10381770
02/26/2017,9616816
02/25/2017,9464929
02/24/2017,9822311
02/23/2017,9808199
02/22/2017,9793462
02/21/2017,9814038
02/20/2017,9701368
02/19/2017,9003997
02/18/2017,9345194
02/17/2017,10294354
02/16/2017,10730129
02/15/2017,10542431
02/14/2017,10578546
02/13/2017,10391741
02/12/2017,9424994
02/11/2017,9705587
02/10/2017,11022702
02/9/2017,11027458
02/8/2017,10406935
02/7/2017,10337881
02/6/2017,10474104
02/5/2017,10090812
02/4/2017,10805222
02/3/2017,10751572
02/2/2017,10898226
02/1/2017,10631288
01/31/2017,10916363
01/30/2017,11095848
01/29/2017,10411631
01/28/2017,10706622
01/27/2017,11224741
01/26/2017,10767894
01/25/2017,10576234
01/24/2017,10704434
01/23/2017,10430559
01/22/2017,9469184
01/21/2017,9544254
01/20/2017,10319027
01/19/2017,10476412
01/18/2017,10538362
01/17/2017,10636752
01/16/2017,10623222
01/15/2017,10091219
01/14/2017,10420576
01/13/2017,10792593
01/12/2017,10597351
01/11/2017,10795287
01/10/2017,11605271
01/9/2017,12646709
01/8/2017,12768231
01/7/2017,12873964
01/6/2017,12676403
01/5/2017,12045631
01/4/2017,11313435
01/3/2017,10689997
01/2/2017,10000898
01/1/2017,9624858
12/31/2016,10391189
12/30/2016,10746454
12/29/2016,10498072
12/28/2016,10431524
12/27/2016,10155359
12/26/2016,9701049
12/25/2016,9317290
12/24/2016,9784714
12/23/2016,10638014
12/22/2016,11038073
12/21/2016,11563000
12/20/2016,12214818
12/19/2016,12663329
12/18/2016,11378227
12/17/2016,11134449
12/16/2016,12304471
12/15/2016,12232617
12/14/2016,11471713
12/13/2016,11210895
12/12/2016,10993281
12/11/2016,10810885
12/10/2016,11444653
12/9/2016,12019836
12/8/2016,11661797
12/7/2016,11085294
12/6/2016,10924678
12/5/2016,10790061
12/4/2016,10013730
12/3/2016,10110859
12/2/2016,10546568
12/1/2016,10436885
11/30/2016,10214666
11/29/2016,10177527
11/28/2016,10304709
11/27/2016,9567830
11/26/2016,9214630
11/25/2016,9048575
11/24/2016,9046045
11/23/2016,10236938
11/22/2016,10570409
11/21/2016,10578559
11/20/2016,9716921
11/19/2016,9362796
11/18/2016,9802788
11/17/2016,9896078
11/16/2016,9876963
11/15/2016,9885638
11/14/2016,9896195
11/13/2016,9163804
11/12/2016,9183386
11/11/2016,9622698
11/10/2016,9810516
11/9/2016,9793320
11/8/2016,9799530
11/7/2016,9697171
11/6/2016,8717281
11/5/2016,8564167
11/4/2016,9179030
11/3/2016,9462728
11/2/2016,9589548
11/1/2016,9557200
10/31/2016,9850214
10/30/2016,9203156
10/29/2016,9403982
10/28/2016,9958126
10/27/2016,10115968
10/26/2016,10027029
10/25/2016,9867136
10/24/2016,9716948
10/23/2016,8822620
10/22/2016,8959640
10/21/2016,9879063
10/20/2016,10425554
10/19/2016,10845062
10/18/2016,10872417
10/17/2016,10716473
10/16/2016,9608331
10/15/2016,9526940
10/14/2016,9929807
10/13/2016,10086591
10/12/2016,10116124
10/11/2016,9993101
10/10/2016,9710443
10/9/2016,8976288
10/8/2016,9419388
10/7/2016,10275004
10/6/2016,10679361
10/5/2016,10635375
10/4/2016,10456776
10/3/2016,10292488
10/2/2016,9390611
10/1/2016,9490040
09/30/2016,10191687
09/29/2016,10491557
09/28/2016,10720525
09/27/2016,10730239
09/26/2016,10797241
09/25/2016,10394386
09/24/2016,10883634
09/23/2016,11720385
09/22/2016,11900062
09/21/2016,12057248
09/20/2016,12213479
09/19/2016,12228731
09/18/2016,11134771
09/17/2016,10940088
09/16/2016,11499513
09/15/2016,11655199
09/14/2016,11898821
09/13/2016,11701109
09/12/2016,11524717
09/11/2016,11040029
09/10/2016,11860344
09/9/2016,12926101
09/8/2016,13073911
09/7/2016,12975165
09/6/2016,12508615
09/5/2016,11031722
09/4/2016,10454028
09/3/2016,10582029
09/2/2016,11541913
09/1/2016,12344269
08/31/2016,12896513
08/30/2016,12939917
08/29/2016,13030927
08/28/2016,12137387
08/27/2016,12189777
08/26/2016,13063736
08/25/2016,13092248
08/24/2016,12734528
08/23/2016,12398636
08/22/2016,12148736
08/21/2016,11578987
08/20/2016,12027018
08/19/2016,13009984
08/18/2016,13277995
08/17/2016,13414080
08/16/2016,13413175
08/15/2016,13281765
08/14/2016,12626638
08/13/2016,13161202
08/12/2016,14091352
08/11/2016,14262002
08/10/2016,13870454
08/9/2016,13363223
08/8/2016,12972815
08/7/2016,12177596
08/6/2016,12652310
08/5/2016,13327232
08/4/2016,13559647
08/3/2016,13509403
08/2/2016,13447685
08/1/2016,13382149
07/31/2016,12451461
07/30/2016,12600295
07/29/2016,13496306
07/28/2016,13894828
07/27/2016,14091141
07/26/2016,14141380
07/25/2016,14228335
07/24/2016,13322808
07/23/2016,13635252
07/22/2016,14148411
07/21/2016,14016161
07/20/2016,13648215
07/19/2016,13563456
07/18/2016,13630439
07/17/2016,12331856
07/16/2016,12276552
07/15/2016,13232915
07/14/2016,13645570
07/13/2016,13662284
07/12/2016,13358509
07/11/2016,13059407
07/10/2016,11905232
07/9/2016,12276933
07/8/2016,13392391
07/7/2016,13498310
07/6/2016,13488574
07/5/2016,12945076
07/4/2016,11336353
07/3/2016,11069110
07/2/2016,11366653
07/1/2016,12302391
06/30/2016,12447428
06/29/2016,12539956
06/28/2016,12770510
06/27/2016,13103742
06/26/2016,12203201
06/25/2016,12312942
06/24/2016,12781626
06/23/2016,12994884
06/22/2016,12967773
06/21/2016,12974679
06/20/2016,12949115
06/19/2016,11539824
06/18/2016,11545841
06/17/2016,12387291
06/16/2016,12592786
06/15/2016,12513968
06/14/2016,12123054
06/13/2016,11915500
06/12/2016,11455039
06/11/2016,11760193
06/10/2016,11699347
06/9/2016,11214155
06/8/2016,11253989
06/7/2016,11674088
06/6/2016,11539237
06/5/2016,10675636
06/4/2016,10997167
06/3/2016,11584452
06/2/2016,11519213
06/1/2016,11615481
05/31/2016,11503964
05/30/2016,10506682
05/29/2016,10344113
05/28/2016,10618580
05/27/2016,11165722
05/26/2016,11278790
05/25/2016,11047741
05/24/2016,10602189
05/23/2016,10163432
05/22/2016,9258117
05/21/2016,9369451
05/20/2016,9795509
05/19/2016,9908881
05/18/2016,9953147
05/17/2016,9958036
05/16/2016,9750236
05/15/2016,8851566
05/14/2016,9259513
05/13/2016,10185037
05/12/2016,10399151
05/11/2016,10447298
05/10/2016,10216885
05/9/2016,9757097
05/8/2016,8724301
05/7/2016,8931628
05/6/2016,9564506
05/5/2016,9658009
05/4/2016,9700884
05/3/2016,9865163
05/2/2016,9861019
05/1/2016,9139755
04/30/2016,9231104
04/29/2016,9993727
04/28/2016,10076827
04/27/2016,10003748
04/26/2016,10150740
04/25/2016,9825672
04/24/2016,8787610
04/23/2016,8957855
04/22/2016,9618742
04/21/2016,9682190
04/20/2016,9678167
04/19/2016,9691284
04/18/2016,9585705
04/17/2016,8672832
04/16/2016,8822421
04/15/2016,9463753
04/14/2016,9657469
04/13/2016,9649625
04/12/2016,9698406
04/11/2016,9714021
04/10/2016,9155362
04/9/2016,9281555
04/8/2016,9709159
04/7/2016,9841390
04/6/2016,9966975
04/5/2016,9952885
04/4/2016,9703551
04/3/2016,8854723
04/2/2016,8960773
04/1/2016,9528190
03/31/2016,9683067
03/30/2016,9663186
03/29/2016,9616685
03/28/2016,9582524
03/27/2016,8631455
03/26/2016,8910893
03/25/2016,9299874
03/24/2016,9575792
03/23/2016,9633434
03/22/2016,9878123
03/21/2016,10052021
03/20/2016,9320076
03/19/2016,9210530
03/18/2016,9733985
03/17/2016,9758803
03/16/2016,9827326
03/15/2016,9924123
03/14/2016,9523755
03/13/2016,8510492
03/12/2016,8981107
03/11/2016,9587890
03/10/2016,9672407
03/9/2016,9634685
03/8/2016,9734426
03/7/2016,9919871
03/6/2016,9309216
03/5/2016,9743005
03/4/2016,10482789
03/3/2016,10676505
03/2/2016,10381130
03/1/2016,10083502
02/29/2016,9842744
02/28/2016,9293831
02/27/2016,9922681
02/26/2016,10731711
02/25/2016,10652798
02/24/2016,10512127
02/23/2016,10399097
02/22/2016,9987122
02/21/2016,9072466
02/20/2016,9277284
02/19/2016,10389147
02/18/2016,10734796
02/17/2016,10651615
02/16/2016,10744442
02/15/2016,11335312
02/14/2016,11203336
02/13/2016,11165762
02/12/2016,11415545
02/11/2016,11703980
02/10/2016,11896051
02/9/2016,11661048
02/8/2016,11140811
02/7/2016,10277773
02/6/2016,10536746
02/5/2016,11111762
02/4/2016,10871440
02/3/2016,10545846
02/2/2016,10381697
02/1/2016,10167739
01/31/2016,9455355
01/30/2016,10020670
01/29/2016,10847244
01/28/2016,11166380
01/27/2016,11111352
01/26/2016,11024014
01/25/2016,11331264
01/24/2016,11209532
01/23/2016,11670958
01/22/2016,11935727
01/21/2016,11712023
01/20/2016,12180481
01/19/2016,12671908
01/18/2016,12279612
01/17/2016,10749050
01/16/2016,10308674
01/15/2016,10771704
01/14/2016,11263954
01/13/2016,11883101
01/12/2016,11890341
01/11/2016,12005528
01/10/2016,10028293
01/9/2016,10147195
01/8/2016,10651697
01/7/2016,11061226
01/6/2016,11757100
01/5/2016,12085239
01/4/2016,11506112
01/3/2016,10364445
01/2/2016,10377818
01/1/2016,10198483
12/31/2015,10371655
12/30/2015,10571524
12/29/2015,10645175
12/28/2015,10596519
12/27/2015,9609352
12/26/2015,9338989
12/25/2015,9059196
12/24/2015,9514158
12/23/2015,10083173
12/22/2015,10303271
12/21/2015,10556956
12/20/2015,10293324
12/19/2015,10692347
12/18/2015,10979594
12/17/2015,10793902
12/16/2015,10533049
12/15/2015,10401435
12/14/2015,10212191
12/13/2015,9323073
12/12/2015,9426842
12/11/2015,10032506
12/10/2015,10193751
12/9/2015,10374657
12/8/2015,10471452
12/7/2015,10454620
12/6/2015,9892940
12/5/2015,10195778
12/4/2015,10732842
12/3/2015,10747877
12/2/2015,10596429
12/1/2015,10574318
11/30/2015,10545796
11/29/2015,9584667
11/28/2015,9437551
11/27/2015,9215849
11/26/2015,9109577
11/25/2015,10296298
11/24/2015,10638977
11/23/2015,10791511
11/22/2015,9869934
11/21/2015,9745380
11/20/2015,10070229
11/19/2015,10046190
11/18/2015,10008574
11/17/2015,10052410
11/16/2015,10028885
11/15/2015,9196731
11/14/2015,9333086
11/13/2015,9831278
11/12/2015,9975803
11/11/2015,10015534
11/10/2015,9977080
11/9/2015,10010874
11/8/2015,9047282
11/7/2015,9238523
11/6/2015,9982719
11/5/2015,10115787
11/4/2015,9908953
11/3/2015,9851043
11/2/2015,9781564
11/1/2015,9235118
10/31/2015,9181108
10/30/2015,9757134
10/29/2015,9895570
10/28/2015,9972807
10/27/2015,9918754
10/26/2015,9727132
10/25/2015,8876590
10/24/2015,9208086
10/23/2015,9903202
10/22/2015,10038960
10/21/2015,10089761
10/20/2015,9993223
10/19/2015,9970461
10/18/2015,9130613
10/17/2015,9255161
10/16/2015,9967076
10/15/2015,10276801
10/14/2015,10341535
10/13/2015,10484550
10/12/2015,10394402
10/11/2015,9378577
10/10/2015,9530233
10/9/2015,10437528
10/8/2015,10494638
10/7/2015,10291881
10/6/2015,10090969
10/5/2015,9814112
10/4/2015,8894076
10/3/2015,9245133
10/2/2015,9968813
10/1/2015,10433400
09/30/2015,11098245
09/29/2015,11223481
09/28/2015,11016986
09/27/2015,9844738
09/26/2015,10058026
09/25/2015,10836914
09/24/2015,10981058
09/23/2015,11007175
09/22/2015,10990857
09/21/2015,10938971
09/20/2015,10299284
09/19/2015,10667559
09/18/2015,11472168
09/17/2015,11559754
09/16/2015,11328307
09/15/2015,11072491
09/14/2015,10628267
09/13/2015,9807486
09/12/2015,10337453
09/11/2015,11620899
09/10/2015,12310525
09/9/2015,12814269
09/8/2015,13011004
09/7/2015,11896796
09/6/2015,11496294
09/5/2015,11678256
09/4/2015,12764573
09/3/2015,13117909
09/2/2015,13140980
09/1/2015,13003970
08/31/2015,12617375
08/30/2015,11273323
08/29/2015,11328474
08/28/2015,11815373
08/27/2015,11078336
08/26/2015,11196865
08/25/2015,11481713
08/24/2015,11657128
08/23/2015,10718895
08/22/2015,10847705
08/21/2015,11421369
08/20/2015,11580165
08/19/2015,12139501
08/18/2015,13159804
08/17/2015,13307450
08/16/2015,11658065
08/15/2015,11664360
08/14/2015,12106967
08/13/2015,11997336
08/12/2015,11973899
08/11/2015,12091888
08/10/2015,12066511
08/9/2015,11169713
08/8/2015,11176750
08/7/2015,11804693
08/6/2015,11924057
08/5/2015,12253774
08/4/2015,12342385
08/3/2015,12239951
08/2/2015,11344730
08/1/2015,11452334
07/31/2015,13251972
07/30/2015,13778754
07/29/2015,13946817
07/28/2015,13876121
07/27/2015,13478194
07/26/2015,12299884
07/25/2015,12366177
07/24/2015,12882137
07/23/2015,12809909
07/22/2015,12650811
07/21/2015,13161028
07/20/2015,13515260
07/19/2015,12411629
07/18/2015,12326970
07/17/2015,12598454
07/16/2015,12218099
07/15/2015,12640142
07/14/2015,13045114
07/13/2015,13008458
07/12/2015,11825212
07/11/2015,11796816
07/10/2015,12260060
07/9/2015,12212985
07/8/2015,12097141
07/7/2015,12324240
07/6/2015,12218513
07/5/2015,10825291
07/4/2015,10545918
07/3/2015,10980445
07/2/2015,11652212
07/1/2015,11472894
